X_05%,X_68%,X_95%,Template
10764,15681,27454,2
11071,16869,34288,2
10886,15454,16532,2
10148,17048,39612,2
10895,44685,77958,2
11781,46890,76693,2
12832,64473,91510,2
13593,25641,61374,2
14064,70052,96195,2
14898,19218,23098,2
14526,65709,98439,2
13141,18685,36092,2
12711,19799,36468,2
14717,20493,52752,2
15191,61647,90063,2
16275,28864,64425,2
14636,17933,34998,2
12578,17956,40067,2
12772,18366,20596,2
13858,19008,20895,2
14075,19135,27264,2
13744,18827,20055,2
13674,20655,47845,2
14302,18274,19717,2
14745,18291,20303,2
14551,40292,67021,2
14298,20976,48430,2
13644,18973,20574,2
13403,18663,27381,2
14017,18840,29143,2
13571,17912,32894,2
13643,26660,50008,2
13494,34978,67128,2
12982,18378,19930,2
12197,19365,51186,2
12677,17824,19270,2
12435,18684,45392,2
11883,17068,40155,2
12337,17819,24848,2
12883,18232,25582,2
11976,16875,36638,2
11918,17266,25858,2
12793,59489,90295,2
12356,17301,24154,2
11790,19621,46449,2
11765,39925,63514,2
13361,36372,58751,2
13446,19962,45032,2
12654,17825,18736,2
12629,17363,18424,2
12331,49056,75420,2
11681,23280,48423,2
11159,14901,25410,2
11677,49206,74178,2
12114,26071,50439,2
12384,24309,52041,2
12321,59496,80680,2
12264,23856,48894,2
11745,15135,20847,2
11075,15356,27236,2
10890,39015,72351,2
10823,16412,18499,2
10735,15901,17266,2
10877,16722,31672,2
10974,16668,25026,2
10519,38500,56760,2
10558,13870,15998,2
10719,18372,42180,2
11874,17514,23286,2
11751,40605,64772,2
11634,16885,42287,2
11246,16540,24378,2
11582,44865,63913,2
11611,45178,72370,2
10990,16181,23247,2
11356,17025,18842,2
12190,41912,71396,2
12180,17231,33276,2
11889,17117,24441,2
11915,16027,35222,2
11756,41349,65740,2
11580,17214,18837,2
12598,42695,65240,2
11661,16291,32240,2
10926,16386,17287,2
10657,15746,22611,2
9993,14454,27226,2
9802,22836,48303,2
10787,50057,79820,2
11016,17429,39495,2
10875,18370,49080,2
10957,16734,25636,2
11072,16718,24570,2
10828,36065,59200,2
10473,15842,34020,2
10937,16941,24342,2
11776,54652,79270,2
11053,36447,65552,2
10830,15538,16023,2
10695,63945,88800,2
10151,13415,14224,2
9815,18034,40410,2
10009,37895,61744,2
10620,16793,17308,2
10517,16324,40232,2
10414,15690,16379,2
10711,15823,29114,2
10254,18543,39750,2
9493,13678,23355,2
9518,21769,46503,2
9895,29444,52937,2
9816,15061,15521,2
9913,15970,38037,2
10017,16074,37940,2
9945,13167,13830,2
9595,32282,50244,2
10078,61016,90926,2
10168,15821,37747,2
10116,15393,17088,2
10244,37195,61596,2
9887,15746,19113,2
9689,13733,21111,2
10058,47477,74101,2
9822,16110,24364,2
10050,15235,15619,2
10144,31158,53473,2
9999,15424,39217,2
9826,16507,36345,2
9537,13555,33092,2
9444,13472,23235,2
9505,29882,55048,2
9876,17295,26148,2
10450,26139,54792,2
10935,16898,42865,2
10028,23643,47487,2
10030,31892,57291,2
10503,27696,54484,2
9933,41535,69385,2
10136,16925,30180,2
10554,56227,83015,2
9986,16093,16584,2
10005,16637,17146,2
10522,14799,26082,2
9412,13847,28864,2
10028,48774,79535,2
10041,52066,81165,2
9984,15897,16105,2
10036,15964,24069,2
10042,16114,23382,2
9627,12876,13484,2
9157,13002,30845,2
9152,38298,59499,2
9376,15891,15978,2
9945,32274,58128,2
10222,16360,22275,2
10975,48699,76960,2
9765,13655,14247,2
9377,13727,27136,2
9626,31506,57841,2
10472,19695,37902,2
11668,63954,102870,2
12712,35260,70716,2
10336,16335,24159,2
9861,14085,14523,2
9495,14114,21205,2
10024,22300,50769,2
11046,49725,83952,2
12364,20365,30952,2
12303,21185,45767,2
12259,19054,38562,2
11329,16590,16979,2
11432,33971,54584,2
10033,58334,88150,2
10760,17841,18152,2
11346,19176,45070,2
11265,48745,79398,2
11397,18204,18780,2
11251,51464,82205,2
9913,14495,14812,2
10299,17556,21994,2
10896,50931,81603,2
10937,18125,18914,2
11403,50105,81328,2
11806,19568,49892,2
11883,24403,42507,2
10120,15944,39185,2
10800,16311,16901,2
11318,19406,36048,2
11310,19222,39770,2
11797,19092,39400,2
11788,17943,18764,2
10648,16529,16827,2
10993,16408,26702,2
10968,36704,70040,2
11093,32628,61670,2
10810,17332,17780,2
11048,18125,18788,2
11293,52158,84141,2
11411,18373,41287,2
11361,17359,17547,2
11931,27645,57999,2
12223,55360,94500,2
12571,27387,63906,2
14553,47600,80160,2
14968,21981,33592,2
12958,16568,26166,2
10450,14896,15115,2
10550,17893,18854,2
11193,35234,63259,2
11146,17553,27034,2
11297,20805,54129,2
12109,35826,73185,2
13096,37022,71039,2
14566,66363,100540,2
13043,22792,28951,2
13276,22921,45132,2
13667,73759,111515,2
12472,18527,31984,2
11073,17113,24973,2
10264,14801,37727,2
9869,14779,34867,2
10418,18377,37498,2
11425,45430,80812,2
12469,20082,29329,2
12519,71606,108290,2
13217,20697,40914,2
12297,17947,23736,2
11644,15598,15951,2
10982,17572,36262,2
10896,17893,18491,2
11101,29584,57666,2
12335,20477,21140,2
12798,21212,22932,2
13010,17685,24772,2
10244,15109,36467,2
10347,62289,94175,2
11546,18350,43152,2
10760,18415,34642,2
10682,29454,61547,2
11253,19378,20311,2
12455,21203,25362,2
13197,20094,20762,2
13335,42626,79390,2
13968,21829,53517,2
12427,49325,77089,2
11861,46040,74655,2
12069,84384,119717,2
11144,24934,52476,2
10536,14354,35035,2
9693,14562,22507,2
10485,19058,19624,2
12164,34706,67616,2
12438,39609,69036,2
12451,25611,55533,2
10479,36795,60652,2
10484,61728,86862,2
10548,46476,81054,2
10606,17070,17659,2
10367,16927,17124,2
10726,18198,45092,2
11250,62699,94460,2
11392,15979,36882,2
9553,13589,35527,2
9674,22932,48540,2
10060,41502,66500,2
10290,26098,53976,2
10864,24759,53442,2
10542,17178,33406,2
10184,15139,15642,2
10299,14870,19623,2
10067,17286,17534,2
10581,17301,17858,2
10541,16288,16556,2
10078,16130,16826,2
10201,16219,23215,2
9947,33430,57836,2
9701,13500,14796,2
10303,17422,37252,2
10310,16457,27280,2
10605,16402,30996,2
10221,16556,40427,2
10154,16313,16533,2
9964,26726,49514,2
9677,18213,40545,2
9667,16544,38222,2
10057,16974,39512,2
10199,15935,16929,2
10095,17150,39947,2
10259,16545,34530,2
10109,14199,28348,2
9640,36588,60313,2
10047,23728,53403,2
10379,54173,82160,2
10575,31642,63648,2
10519,16229,23337,2
10540,16096,16545,2
10409,14745,15529,2
10050,14439,15980,2
10167,56721,79595,2
10515,16086,17343,2
10571,31680,55828,2
10514,16007,17276,2
10813,47595,69903,2
10256,15204,28316,2
9724,13747,15004,2
9805,71140,94122,2
10451,23686,48192,2
10386,15784,17837,2
10860,32502,55867,2
10658,15988,17276,2
10588,14641,28956,2
9951,20322,39609,2
9876,15858,18328,2
11269,16710,43945,2
11988,34254,58250,2
11427,16394,18877,2
10922,17696,34072,2
11508,41922,71635,2
11592,16151,28314,2
11190,49536,72544,2
11181,16590,18334,2
11318,17333,30486,2
10897,18134,48264,2
11300,39240,69714,2
10674,30517,59316,2
10251,28004,51338,2
10414,17755,32166,2
11267,39635,73597,2
10762,23367,49986,2
9798,47047,66055,2
10274,26332,51464,2
10992,14635,16216,2
10262,15793,20554,2
10353,16304,18784,2
11233,16660,36502,2
10856,17296,25489,2
11132,24262,56649,2
11541,17036,18387,2
12502,36930,63801,2
11375,35492,60264,2
11665,26925,53721,2
13037,54063,89340,2
11417,41455,64472,2
12064,33580,61688,2
11396,17443,23236,2
10853,31752,53455,2
10534,15099,18130,2
11154,19875,50127,2
11826,17588,20818,2
13024,18593,26964,2
14008,51754,90780,2
12507,55842,86425,2
12627,17400,33196,2
11870,17705,29238,2
12156,19640,22564,2
14603,19858,37672,2
13269,18305,19661,2
11699,16906,18260,2
10784,17430,39937,2
13171,51628,82830,2
11987,41500,67063,2
12636,19141,44272,2
13834,18766,27078,2
12688,30330,61708,2
11870,23641,49776,2
11781,16044,23287,2
10599,14980,20700,2
11151,44660,68431,2
10950,40560,70608,2
10996,17755,33360,2
11410,17731,26548,2
13086,20314,39475,2
12026,17157,24886,2
11967,16872,18172,2
11832,30840,53718,2
11708,53487,76720,2
12027,60994,86670,2
12294,27277,53550,2
11881,17392,18821,2
11917,18619,40015,2
12050,43485,73831,2
12392,16563,18540,2
12906,66762,101502,2
14124,19819,22006,2
15233,20280,30138,2
13544,54627,82160,2
14266,29592,63812,2
15498,30268,58089,2
13814,18212,27337,2
14715,19847,29342,2
13930,18909,21399,2
13473,63626,97150,2
14135,36062,67683,2
15064,33120,70609,2
14476,18102,32386,2
12685,15908,18085,2
12751,19143,36274,2
13587,18477,19563,2
13423,18746,25515,2
13079,18103,19388,2
12324,33496,61246,2
12060,15724,18945,2
11468,14961,21814,2
11647,60011,80485,2
11830,17103,18402,2
11820,17922,33352,2
11468,35012,68420,2
12523,42145,79024,2
12688,38380,70299,2
11725,22719,43329,2
12234,17817,22564,2
11783,16558,24634,2
11531,16671,18421,2
11985,18178,33980,2
12394,17544,18776,2
13235,42282,62372,2
12611,15668,31684,2
12404,18362,44015,2
12419,17483,18567,2
12167,17104,18738,2
13066,56840,90140,2
13030,17678,18317,2
12936,16531,38767,2
12331,17125,37155,2
12623,19032,35354,2
12580,18019,46677,2
12408,19092,40005,2
12858,18041,26100,2
13720,76279,106464,2
12743,31098,50932,2
11808,60945,81614,2
11462,25299,48447,2
11334,26481,58922,2
13608,36056,63826,2
13675,18337,28116,2
13228,44820,69976,2
12024,16773,39752,2
11860,17091,33245,2
11993,18597,42997,2
12366,41415,77170,2
12041,67652,89028,2
12079,18165,46878,2
11959,16474,17045,2
11652,14711,15776,2
11306,57112,79051,2
11065,16703,18114,2
11730,70123,95430,2
11295,16693,18337,2
11870,17080,25924,2
11687,48390,68247,2
11345,14606,15922,2
11344,27672,50300,2
10743,17584,18405,2
11232,16729,24912,2
11109,15837,17093,2
11002,15970,23886,2
10778,16226,39357,2
10503,15671,22921,2
10564,28196,49518,2
10584,18009,48678,2
10969,15991,16426,2
10408,32054,53322,2
10453,23659,47677,2
10219,15310,23527,2
10133,46151,64655,2
10795,14320,24935,2
9792,15562,20529,2
10849,16011,16553,2
10740,15983,30440,2
10578,15729,30934,2
10599,15491,15946,2
10487,13673,19159,2
9937,17061,39558,2
10266,46614,73885,2
10103,54005,78875,2
9988,32770,62828,2
10177,15455,38367,2
10170,22125,46284,2
10847,29604,49997,2
10748,52556,82170,2
9900,15619,16054,2
10467,15480,15818,2
10766,16469,33422,2
10226,15663,16031,2
10480,15281,15772,2
9846,14470,14693,2
9613,13619,14058,2
9910,15643,22282,2
10481,60196,86652,2
10234,15417,15644,2
10357,15434,23503,2
10235,23080,54257,2
10030,14935,35692,2
9961,19942,39315,2
9878,54271,79900,2
10021,15694,15996,2
10258,16360,36790,2
10046,15450,15900,2
10129,15026,15605,2
9770,13645,14565,2
9396,13653,20370,2
9655,38822,63184,2
9985,15691,22803,2
9984,16734,46182,2
9963,15584,15854,2
9953,15205,15720,2
10242,27124,49059,2
9591,13480,13982,2
9725,16057,16596,2
10148,16450,40745,2
10450,16651,41035,2
10403,23008,48906,2
10236,15481,23814,2
9787,13566,14043,2
9392,13337,32272,2
9310,13618,14060,2
9804,41100,69826,2
10043,16185,23932,2
10068,32690,58408,2
10127,16259,17014,2
10190,15819,34475,2
10183,16831,17381,2
11129,44262,74140,2
11226,20776,39714,2
11837,20771,22021,2
12536,21171,44284,2
12688,20721,54492,2
12552,73072,114339,2
13864,83464,118728,2
13732,24128,62042,2
14593,21951,23367,2
12040,75195,101982,2
10505,16415,16689,2
10498,16542,17100,2
11429,29910,51089,2
9801,13821,14425,2
10301,72153,106044,2
10604,18672,19692,2
11471,18494,43062,2
10648,56700,88380,2
10846,19578,39052,2
11930,43140,72020,2
12701,21191,22385,2
13686,22983,24287,2
14216,21553,22081,2
13652,22309,40538,2
13317,21168,26058,2
12464,19355,29905,2
12062,17121,17362,2
10252,15677,26085,2
10297,16428,38777,2
10763,68782,106090,2
12973,19596,27543,2
11320,17039,17521,2
10842,48606,74758,2
10222,15492,15700,2
10483,35538,58639,2
12471,22817,24129,2
13313,21406,34490,2
12135,19794,47692,2
12485,21985,27696,2
13674,21970,34603,2
13228,57735,92349,2
13084,19627,26692,2
14265,23821,28780,2
14925,24458,26648,2
14945,24113,62175,2
13901,22664,24083,2
13669,23514,24888,2
13280,18659,18929,2
11141,35856,65964,2
12540,21567,22757,2
13779,47626,88557,2
15632,26645,43618,2
13726,19193,19852,2
11752,51927,89199,2
12354,35006,63416,2
11619,16528,41315,2
11825,31920,64396,2
12835,34047,71652,2
13834,23237,24695,2
13961,23030,24468,2
14544,24727,44910,2
14343,66587,99346,2
11758,19306,46482,2
14340,61636,98919,2
14653,54982,91916,2
13722,23812,46440,2
14413,34318,75321,2
14198,22524,24080,2
15509,34731,56466,2
14849,20439,53162,2
14032,21085,40818,2
11668,35718,67613,2
12028,20674,50525,2
11818,18314,19083,2
11458,38585,74064,2
11567,17666,33932,2
12290,24660,58542,2
12899,20717,21990,2
11882,19313,27699,2
11670,52620,82705,2
11068,18235,18891,2
11428,49205,79308,2
11326,17386,17769,2
12322,62482,91844,2
13002,26769,64560,2
13923,31762,70199,2
13781,45230,84480,2
13485,20618,21749,2
11982,20072,29748,2
11588,16676,16897,2
10710,28430,55006,2
10387,15482,16457,2
10375,18049,18644,2
10861,18651,19379,2
11309,19990,33516,2
11760,18037,36244,2
10626,58780,82736,2
9846,48100,71795,2
10546,20614,25728,2
12381,21604,24972,2
12591,22195,39917,2
13621,20671,29158,2
12798,46152,76652,2
11524,16904,33830,2
11203,16466,27397,2
10632,55176,86359,2
12367,56964,87040,2
11304,23704,53067,2
10968,18873,19347,2
11657,18835,47185,2
10412,36650,56748,2
9604,20871,45566,2
10311,28516,59640,2
11302,17027,17391,2
10179,24933,49287,2
10355,41085,66932,2
10092,46068,71212,2
9906,26644,49843,2
10039,42417,65135,2
9900,17022,25581,2
10405,24079,51546,2
10570,17765,18195,2
10927,18032,18443,2
11375,45307,74748,2
11609,16797,17390,2
10207,14637,20524,2
9889,15936,17035,2
10062,17473,41315,2
10322,16550,32576,2
10382,16742,33378,2
10408,16855,41280,2
10489,15176,15703,2
9959,26650,48727,2
10088,15987,17393,2
10666,17498,39302,2
10277,16675,34790,2
10239,15877,17180,2
10440,16400,39512,2
10355,38125,58812,2
10074,15819,25170,2
10338,16474,17875,2
10739,17150,25617,2
10954,41002,64236,2
11045,16470,17804,2
10952,16421,16951,2
10926,15483,31082,2
10605,14971,27264,2
10362,16468,28484,2
10410,16199,18040,2
10314,15962,17896,2
10720,16117,17772,2
10309,15822,16898,2
9962,14446,27570,2
9658,21201,46739,2
9891,38070,63140,2
11198,31652,56144,2
11175,32332,58040,2
10527,16889,28252,2
11142,16202,17514,2
11388,16160,31882,2
10564,15732,33545,2
10051,15890,17783,2
10567,23311,54798,2
10568,16466,33218,2
10700,16120,18427,2
11501,18254,40887,2
11762,15947,30928,2
11094,14281,41775,2
10721,18267,40822,2
10624,18297,32318,2
11586,17722,22957,2
11620,14704,16595,2
11563,16903,31970,2
12053,16874,25140,2
11227,15016,24873,2
10933,24171,56928,2
10782,41395,64828,2
10468,16774,24982,2
10838,32962,56931,2
11148,16870,27265,2
11985,16250,18160,2
12316,41195,67297,2
12759,35184,65588,2
12307,17899,20378,2
12721,20144,44355,2
13458,18513,20429,2
12950,48753,85149,2
12389,22374,46821,2
11883,17815,30454,2
12023,17557,20463,2
13167,72176,102102,2
14085,19752,21766,2
14281,21010,48840,2
13004,18671,19756,2
12246,57403,77570,2
12288,16078,18868,2
12484,18919,35894,2
13266,18752,49962,2
13278,18923,26601,2
13519,20460,46710,2
12395,38247,67216,2
11177,15263,22107,2
10943,14287,37480,2
10293,39227,62576,2
11606,17295,25183,2
12178,18367,33562,2
11182,17052,18350,2
10862,16456,18306,2
11940,16536,41665,2
11714,15354,17511,2
11449,16140,18699,2
11712,20017,45040,2
12414,24492,53190,2
12141,17818,19418,2
11870,26055,51693,2
12256,16544,32558,2
12100,15897,18135,2
11863,18995,41997,2
11639,19872,50778,2
11836,17105,18756,2
11081,16324,18201,2
11330,16671,17620,2
10620,15381,16510,2
11146,18149,28400,2
13807,19010,26890,2
13421,18241,19620,2
11975,17455,33896,2
12463,42142,76963,2
11792,16662,23140,2
10852,14899,16403,2
11328,25952,52913,2
11638,46662,80937,2
12013,32014,59192,2
11821,76833,100272,2
12003,61348,85185,2
12920,18074,42600,2
12293,15995,23742,2
11083,44274,66906,2
10899,17106,18966,2
12372,61764,96382,2
12055,17177,22336,2
11820,17060,25144,2
11321,41465,69272,2
10866,15008,23028,2
10444,14791,28642,2
11119,19306,45774,2
12168,17270,18957,2
12519,17706,25435,2
12668,52794,75537,2
13480,67372,99572,2
12569,16151,17465,2
12348,17899,24554,2
13347,26980,54345,2
13207,41825,78088,2
12017,17831,40667,2
11396,16516,24466,2
11004,24121,47241,2
11912,54064,80390,2
13337,17790,40740,2
13052,64912,95870,2
12635,19021,47691,2
12286,25665,48465,2
11976,17301,43240,2
11884,17135,27283,2
12661,16848,32678,2
12588,17757,31242,2
13475,18745,29227,2
13756,18943,36602,2
13135,18045,34392,2
12903,19598,44745,2
12720,44832,68124,2
12995,37620,65328,2
11969,14911,17063,2
11869,16987,18443,2
12195,17029,18279,2
11910,17072,25452,2
11728,52857,84485,2
11257,21948,49452,2
10394,19107,43302,2
10697,15305,20788,2
10384,16408,23889,2
10515,16272,32030,2
11817,18530,36787,2
11826,58625,79650,2
11841,71010,97314,2
11975,15666,18112,2
11582,21093,47454,2
11794,17354,36116,2
12961,18811,39730,2
11658,17203,33420,2
11606,20704,51546,2
10904,16159,20827,2
11066,15817,27372,2
10600,15120,21724,2
10762,31734,53266,2
10922,15851,30430,2
10960,30200,54540,2
10756,67968,93192,2
10396,15481,17686,2
9809,55996,75779,2
10262,19993,37584,2
10053,15683,16502,2
10447,16530,32254,2
11069,17071,41097,2
11233,16220,31614,2
10908,15724,31856,2
10239,15967,41265,2
11054,27010,48909,2
10933,15891,26250,2
10438,15493,20979,2
10242,53137,75965,2
10307,59424,86344,2
9768,50267,71850,2
9472,13791,31910,2
10284,57975,82543,2
9556,15418,36090,2
9908,15306,19084,2
9869,15171,15559,2
9870,15242,15576,2
9787,14779,20704,2
9832,13772,14454,2
9782,39870,63121,2
10153,31946,60088,2
10172,15391,15792,2
10078,43956,66969,2
10130,15332,29982,2
9952,37322,57012,2
10031,13187,13842,2
9717,13072,14479,2
9653,22318,45447,2
10048,15911,16164,2
10205,16112,39670,2
10096,33147,62396,2
9933,23010,48531,2
9725,13795,34550,2
9358,13014,18726,2
9558,23556,50417,2
9887,16068,39372,2
10125,15763,15980,2
10038,15576,15900,2
10025,15651,16190,2
9857,14435,29962,2
10175,40620,66560,2
10013,39787,64416,2
10155,23422,48744,2
10143,19821,46731,2
9993,16142,39977,2
9993,16726,46662,2
9843,20344,40314,2
9875,14497,29745,2
9790,15458,15856,2
10117,45816,69840,2
10071,53564,78780,2
9954,23016,48741,2
10124,16848,30502,2
10169,29996,57856,2
11502,59480,85020,2
10006,15907,16665,2
10911,25578,56760,2
10824,18013,18876,2
11204,19644,40236,2
11878,17921,35036,2
11190,22959,40857,2
10121,55864,83010,2
9745,16299,23847,2
10102,16702,33680,2
10364,16557,41177,2
10130,16410,39657,2
10638,25054,47310,2
10099,14367,21111,2
10185,56480,83394,2
9945,25809,52659,2
10822,18349,47555,2
11240,25308,53340,2
10985,25203,52008,2
10714,18204,19259,2
10996,16846,29390,2
11015,37212,65348,2
12986,22406,24069,2
13020,21149,22248,2
11956,19357,20230,2
11689,20142,21057,2
13162,21843,37470,2
12313,16596,17508,2
12027,32356,54694,2
11497,48157,81652,2
12744,20973,22141,2
13004,37492,69923,2
12765,20541,27652,2
12287,19330,39384,2
10953,50379,78381,2
13181,84402,111650,2
12850,20533,38478,2
12686,19486,38565,2
12697,19953,20187,2
12085,19030,39477,2
11088,18918,26539,2
11413,18158,48321,2
11249,18431,19059,2
12137,20859,22130,2
12948,21054,22085,2
13111,20986,31374,2
13226,20551,39807,2
12183,31963,70095,2
13187,19890,29286,2
12706,21419,22227,2
14182,26031,36150,2
16785,26686,31310,2
14773,30885,67362,2
13666,73580,107651,2
13998,55104,85887,2
13688,18500,20364,2
12781,17302,42880,2
11487,20228,40800,2
12477,22707,40440,2
13279,22771,24279,2
13934,58232,99560,2
15195,77378,123335,2
14424,22260,32975,2
13655,19933,20837,2
12797,32469,69606,2
14677,25873,27319,2
16922,28122,62485,2
16931,26519,33688,2
14443,21647,30440,2
12818,19353,28566,2
11463,17328,18030,2
12659,22084,22993,2
14297,21044,54552,2
13521,35862,62828,2
11957,20302,27381,2
11954,41837,72992,2
10586,14932,22743,2
10234,21474,37035,2
11444,19594,32172,2
12761,19336,19869,2
11881,57498,92254,2
12025,19572,20522,2
12156,19778,24009,2
11659,35244,62674,2
12030,61575,92730,2
12693,38176,64320,2
11394,19417,24963,2
11969,46685,79628,2
11577,18456,23468,2
11353,16865,17717,2
10804,15868,36970,2
10065,14468,28510,2
10422,17659,17858,2
11033,17389,34366,2
10730,18182,40325,2
10572,17008,23372,2
10447,16286,24211,2
10223,14145,14633,2
10891,49932,72935,2
9920,14611,15678,2
10074,43062,67992,2
10723,34128,61327,2
10752,18174,43652,2
10830,17504,35742,2
10798,61096,91756,2
10357,28830,49280,2
9934,16223,22674,2
10316,16618,36532,2
10113,32338,56280,2
10326,16892,32586,2
10583,24693,50826,2
10306,15371,15779,2
10059,15305,39145,2
10532,18957,34024,2
11154,18716,28042,2
11274,53938,84500,2
10228,39935,63664,2
10112,32120,61112,2
10555,51758,84210,2
11343,61976,89490,2
10166,16511,22986,2
10015,16159,16325,2
10821,48570,76405,2
10103,16559,31940,2
11270,16854,34780,2
9952,13874,14808,2
9616,22128,48839,2
9824,17032,39729,2
9968,16513,24028,2
10259,17233,32570,2
10484,37452,63956,2
10069,15632,30222,2
9998,14468,28096,2
9927,14547,24230,2
9658,29930,56280,2
10229,16376,27034,2
10198,31662,61476,2
10370,16477,24805,2
10097,22569,45630,2
10281,13925,14957,2
9924,14085,34122,2
10653,24240,47871,2
10529,16773,32458,2
10576,16534,17386,2
10151,55349,80290,2
10250,24846,49335,2
10142,14183,19629,2
10144,15168,33927,2
9986,16276,23658,2
10480,16277,31564,2
10614,16283,39515,2
10656,22039,48390,2
10877,57211,75715,2
10361,22941,48993,2
10053,15185,27652,2
10814,17220,28336,2
10623,15970,23104,2
10910,67720,95286,2
10206,16727,32186,2
11684,70033,95364,2
11219,14974,16642,2
10908,14202,16719,2
10805,16356,24129,2
10836,55653,80135,2
10335,17315,31758,2
11095,16062,20520,2
10112,15347,23950,2
10085,13979,15507,2
9618,15712,36532,2
10044,16427,17964,2
11140,55964,87774,2
10213,23523,47388,2
10214,49149,73728,2
10526,16319,21440,2
10027,21451,41082,2
10122,14348,16669,2
10426,32074,65164,2
11404,16771,18537,2
11519,24621,51366,2
10544,41058,71185,2
10207,21546,41394,2
10474,14356,16058,2
10490,20448,40938,2
10292,16044,35438,2
10506,41512,67688,2
10747,16442,18413,2
10660,16167,18190,2
10313,16563,33486,2
10125,16000,28868,2
10942,25132,50347,2
10919,17216,20016,2
12209,23914,59400,2
12635,34120,69051,2
11356,39865,71132,2
12102,19088,26763,2
12479,18293,40242,2
11625,14886,24700,2
11279,25357,58747,2
11620,17032,19628,2
11374,16990,26700,2
10933,32088,56265,2
11279,17016,21898,2
10860,26732,52990,2
10984,16729,27480,2
10575,18192,31996,2
12175,33390,61712,2
12180,42685,69461,2
11735,17282,19301,2
11782,38565,67176,2
10856,15772,19530,2
10380,14916,21456,2
10671,26948,49087,2
10416,16253,18086,2
10854,16652,25102,2
11940,18255,29197,2
11538,17584,30768,2
11879,16603,17950,2
11566,17422,31010,2
11152,22146,51483,2
10496,16479,19043,2
12406,40857,75924,2
11228,16470,25558,2
10868,32172,56560,2
10693,15091,20502,2
10051,16315,25647,2
10572,17491,33608,2
11385,16811,26587,2
11922,52116,79376,2
12686,17997,38222,2
12018,16978,25284,2
10910,15521,16730,2
10829,15827,23670,2
11186,18875,44497,2
11389,17578,19892,2
13451,75704,101431,2
13800,18718,19794,2
12242,17480,25197,2
12121,17873,32870,2
13254,16860,19996,2
12704,19288,36992,2
12896,35172,63742,2
12758,19401,42432,2
12624,28578,63108,2
14427,19710,21027,2
14436,64851,85990,2
12500,39352,63707,2
12459,27066,53196,2
13632,18474,19872,2
13140,19720,44530,2
13321,35516,72684,2
12619,17827,18630,2
12018,17683,38665,2
12676,32174,65394,2
13586,44127,77460,2
14348,36816,65527,2
14124,19009,20426,2
14105,18968,21084,2
13838,18637,27423,2
14320,70803,100860,2
13361,26198,49287,2
12797,36200,71708,2
13354,18783,20045,2
14337,20449,34610,2
13884,43025,75116,2
14376,19157,47222,2
13382,33676,53952,2
13082,52990,83886,2
13388,18934,37082,2
13366,17684,25096,2
11909,50295,72508,2
12823,42467,75298,2
12067,17464,42557,2
13335,17267,38437,2
12655,17145,31015,2
11851,17490,18806,2
12175,25210,49665,2
12621,48135,84240,2
12296,17048,18247,2
11990,26445,51291,2
11739,38082,56600,2
11204,15074,21502,2
11950,18700,42400,2
13576,67098,95360,2
14747,22597,58056,2
14082,47007,72852,2
14581,70932,95084,2
12630,39160,59680,2
11228,15168,22138,2
11365,16702,41207,2
11203,39312,65328,2
11739,16919,36275,2
10515,21172,48897,2
11421,17933,26269,2
12494,60772,89160,2
12000,20025,46233,2
12208,17909,34866,2
11845,16561,32742,2
12399,17332,19210,2
11817,16419,24924,2
10790,60988,85728,2
10987,14733,16353,2
10755,15686,28717,2
10982,29758,58586,2
10978,16014,16491,2
10401,23626,54785,2
11089,16260,16815,2
11240,29656,52013,2
10896,51840,80278,2
10583,13940,15441,2
10517,16861,21100,2
10861,32024,65900,2
11173,17040,17768,2
12225,48186,82145,2
11675,16193,23245,2
11767,15211,22622,2
11197,14996,33437,2
11284,16620,32508,2
11296,40475,63096,2
11435,24271,45570,2
10905,41415,68884,2
12199,40455,72144,2
10897,14572,35017,2
10513,46332,74715,2
10773,49431,72031,2
10958,24732,56728,2
11349,42600,75024,2
11267,61600,89226,2
10955,66159,92838,2
10403,13987,26894,2
10132,39462,64430,2
9819,16280,32356,2
10278,15831,16171,2
10042,15740,30710,2
10270,15624,33735,2
10090,39510,63296,2
10538,48684,78254,2
9541,20428,40047,2
9834,15994,31270,2
10214,15491,15706,2
10044,30432,53508,2
10170,15734,37395,2
10099,15484,28822,2
9826,13452,13956,2
9592,13390,26262,2
9995,31472,60980,2
10057,15915,20218,2
10108,61712,92350,2
10644,17816,18418,2
11059,38935,69116,2
10362,13819,14353,2
10589,19572,33306,2
9639,23145,47490,2
9960,16570,26312,2
10481,17049,22716,2
10168,23938,54033,2
10493,16225,26644,2
10324,42144,62140,2
9751,13766,14345,2
9837,15835,21780,2
10119,16199,43803,2
10116,31320,57169,2
10111,17488,18150,2
11026,19430,40750,2
11542,16792,17250,2
10392,21688,47568,2
10078,16180,39657,2
10310,17768,32918,2
10584,18112,26064,2
11175,42390,71644,2
10761,19187,26905,2
12095,18492,28182,2
10926,15132,22900,2
10157,20014,49263,2
10641,18047,28033,2
10770,16240,16550,2
10184,48492,74731,2
10491,18339,36376,2
11079,15032,15877,2
11308,21207,34940,2
10565,41307,73988,2
11315,26923,56700,2
11023,16536,32712,2
10282,16077,24031,2
10236,48156,75744,2
10200,15723,23079,2
10248,16898,33832,2
11509,19548,38272,2
11967,29102,51660,2
11931,18841,37486,2
10933,53754,85459,2
10938,66976,96035,2
10134,14251,14694,2
9603,14466,22476,2
10734,21138,50745,2
12311,23721,34278,2
14342,44674,85032,2
15259,23331,29254,2
13053,18157,32750,2
10635,15842,19027,2
10334,21304,47260,2
10062,16386,16693,2
11289,25552,45831,2
10331,14263,15117,2
10526,54675,86683,2
11778,18616,20407,2
10874,16810,17225,2
11079,18197,18954,2
12148,21065,24565,2
13346,40482,73356,2
13848,22697,42170,2
13290,19806,30625,2
13322,79212,115326,2
11464,67756,96288,2
11526,18463,19527,2
12530,19966,20990,2
13648,57684,87535,2
13417,38710,68232,2
12300,20208,26931,2
12751,19961,20905,2
11306,48357,73642,2
10674,16599,21616,2
12363,43032,71348,2
11369,18931,39256,2
11967,20793,44518,2
12699,22265,23811,2
14157,24229,41215,2
14097,20015,28044,2
12712,19380,19928,2
13183,42326,79894,2
13307,32326,69051,2
13411,22899,58827,2
13770,47016,83013,2
14952,24375,26102,2
14359,21411,22283,2
11985,17096,17761,2
11935,20258,21876,2
13368,47224,81532,2
14012,22959,49618,2
13981,22113,41967,2
11996,28574,60567,2
10334,16611,39250,2
11140,18188,18961,2
12659,20925,52717,2
12408,19216,38607,2
11330,19879,47980,2
12465,21509,27946,2
13709,19875,35948,2
11029,14676,15131,2
10043,36010,57068,2
10415,16589,17324,2
10582,16591,42007,2
10573,16639,33386,2
10812,25500,52698,2
11847,21566,28053,2
13325,21295,22508,2
13837,19135,19456,2
12304,62552,101755,2
11894,20879,52080,2
11898,24102,58173,2
12416,22789,52610,2
12733,19580,30595,2
11220,15687,15943,2
9995,43089,64845,2
10140,40795,68660,2
11486,18627,26883,2
10739,17421,17863,2
11082,25948,48524,2
11449,20977,22545,2
12890,20461,21843,2
12845,17314,42847,2
11362,18034,18213,2
11327,17721,44085,2
10913,38380,67088,2
10458,16922,26800,2
10409,23451,50955,2
10663,14432,15425,2
9662,13950,21810,2
9748,15977,19692,2
10058,16214,31192,2
10105,16381,16554,2
10298,17610,23403,2
10758,17549,18130,2
10718,60088,87142,2
10662,21496,44961,2
10966,17835,25427,2
10622,62594,95340,2
11739,20979,22131,2
12747,20248,20733,2
12464,53208,84478,2
10444,36867,57760,2
9849,13780,14953,2
9822,16613,40307,2
10017,22800,48426,2
10406,17296,25207,2
11089,19000,37606,2
11186,18696,38270,2
11272,16837,17180,2
11021,14540,15225,2
10083,16931,20701,2
10960,71784,97632,2
10206,16262,17135,2
10274,16325,17127,2
10313,16250,38785,2
10357,14157,19870,2
9724,14215,19442,2
9910,22563,46920,2
10528,15850,17017,2
10304,15971,17230,2
10361,16467,17520,2
10619,17100,17393,2
10487,29860,49805,2
9713,13940,22606,2
9873,16912,41897,2
10519,24805,51432,2
10887,17261,42435,2
10164,16762,39117,2
10325,15657,15999,2
10144,14984,15615,2
9748,13541,23544,2
10342,15980,35022,2
11061,15989,17037,2
10474,15800,16099,2
10298,16052,30032,2
10465,31028,63440,2
10481,15223,15860,2
10255,15985,33765,2
10354,16399,28764,2
10539,16555,17939,2
11042,31820,55835,2
11496,18023,40245,2
11564,16550,35356,2
11093,38262,57428,2
11331,16777,29090,2
11413,31082,59094,2
10875,16288,23607,2
11043,23749,55755,2
10458,16398,17795,2
10834,16343,17801,2
11475,15363,22867,2
11552,17413,34845,2
11549,76117,99900,2
11901,43605,77242,2
11387,17080,17891,2
10318,13698,17145,2
10305,15472,40750,2
11746,15615,17296,2
11852,29452,52076,2
11059,17001,18647,2
10859,17248,23209,2
11359,76564,98430,2
11573,42330,66572,2
11641,16946,18558,2
11750,40720,66059,2
12786,17260,19513,2
12428,26898,53858,2
12567,35330,63241,2
12912,35920,61701,2
13002,18395,27406,2
13358,19605,45995,2
12807,38634,71127,2
12353,18865,34974,2
11967,19741,39795,2
12497,17782,26530,2
11804,17084,19501,2
12470,18569,20775,2
12888,43322,68196,2
12334,34012,56819,2
13877,36570,58842,2
12485,18855,27393,2
13499,18666,28165,2
13284,63077,89420,2
12686,18228,26731,2
12733,18231,27957,2
12508,16607,25048,2
11695,17847,37560,2
10480,15754,27836,2
10980,33642,57304,2
11261,19044,49410,2
11550,17675,26200,2
11509,23823,51525,2
11295,15595,17254,2
11154,14991,17459,2
11501,16181,17984,2
11629,24079,51099,2
11626,19714,33466,2
14104,19571,28843,2
14562,19056,28803,2
13682,47646,79260,2
11496,17714,38697,2
11256,16724,18504,2
11470,52090,80890,2
10808,39520,65796,2
11155,24133,48816,2
11442,17505,23442,2
11136,37472,59283,2
11476,45433,74045,2
11549,26958,52848,2
12227,23125,56646,2
12765,67812,95925,2
12959,45470,70320,2
12557,54096,84945,2
12083,17548,31497,2
11839,17568,27376,2
13362,18591,20331,2
13490,18378,19641,2
12970,18980,30795,2
12757,71920,96283,2
13791,18437,26562,2
12925,16758,32324,2
12180,18462,40115,2
12629,17933,25396,2
12643,17610,25062,2
11600,17161,18769,2
12462,17468,18840,2
12436,18149,35904,2
11482,54778,73680,2
11296,16546,34667,2
11365,17485,33134,2
11635,18537,45873,2
11262,18537,42537,2
11758,17290,18858,2
12765,50946,87255,2
12131,16152,40282,2
12342,30758,48808,2
13258,66503,90080,2
13660,18527,45885,2
12860,26589,54240,2
12038,17111,18450,2
12417,18573,47733,2
12531,16114,25287,2
12807,45888,73995,2
11515,68953,98298,2
11257,16623,18231,2
12563,17694,43355,2
13090,18256,35692,2
12932,45900,70836,2
12339,16015,16965,2
12944,52808,82989,2
12105,41357,63924,2
12598,51060,86055,2
11696,17183,18735,2
12763,26326,61582,2
13761,59458,89765,2
12613,16592,27136,2
12243,53928,83996,2
12067,27752,59689,2
11340,17845,40607,2
11329,25381,48510,2
11626,16419,17716,2
11664,16491,19873,2
11096,16016,40370,2
11098,14888,22462,2
12354,17899,31580,2
12206,16693,17416,2
11607,41510,66000,2
11975,17126,33744,2
11676,16426,17422,2
10934,44733,69250,2
10895,15105,37442,2
11449,21996,49377,2
12031,17090,23826,2
11416,17342,17836,2
11260,16696,24868,2
11694,16620,31488,2
11733,21078,43815,2
11242,14602,26306,2
11371,21537,48501,2
11599,16434,17212,2
11387,16380,31420,2
11107,31968,65268,2
10941,16558,17049,2
11471,17116,38460,2
11719,27388,51121,2
11325,17078,25480,2
10939,16709,43122,2
10547,15919,16730,2
11493,16477,38505,2
11044,56833,82795,2
10618,34640,54848,2
10340,14824,17680,2
10828,24804,56654,2
11055,16027,22918,2
10833,43458,71410,2
10489,15675,38980,2
10150,15638,23086,2
10224,13970,20527,2
9690,20791,40629,2
10453,15829,30062,2
10806,15366,23182,2
10626,52276,77170,2
10301,51327,74965,2
10024,15551,36070,2
9664,52708,73100,2
9429,13235,19784,2
9623,14874,15249,2
9833,15426,22620,2
9804,15813,16196,2
10091,31772,62208,2
9906,15486,29230,2
9625,13140,13613,2
9409,44744,67490,2
9743,32224,55643,2
10155,16019,38877,2
10422,59472,83710,2
10609,52825,77260,2
10147,15330,15767,2
10044,14495,33482,2
9900,14097,33962,2
10021,46340,76360,2
9901,15863,43353,2
9944,15837,38485,2
10017,29516,56308,2
9861,37215,61680,2
9799,19479,39255,2
9507,38133,55138,2
10181,38083,65074,2
10859,66222,93168,2
10649,30537,52573,2
9901,15594,23205,2
9915,22434,46287,2
9795,13563,27098,2
9403,26254,46102,2
9777,15560,37170,2
10043,15432,15595,2
9918,53669,77755,2
9886,22404,45396,2
9967,15045,15563,2
9581,13286,26416,2
9306,19328,43792,2
9211,13896,19672,2
9773,39037,69808,2
9995,15514,15709,2
9855,16230,44850,2
10041,15647,16275,2
9971,29612,59044,2
9648,14478,21639,2
9963,17039,24195,2
10496,18025,33650,2
10702,16437,16815,2
10413,16349,26472,2
11216,55874,88258,2
10040,17361,18220,2
13979,77860,111408,2
13306,25412,59592,2
14237,25012,50904,2
14138,20873,21901,2
12234,19451,35112,2
10932,18649,40592,2
11032,25425,54084,2
11239,17248,42546,2
11490,32088,56087,2
10676,18123,40197,2
10570,16755,17286,2
10563,17389,34416,2
10718,17145,26205,2
10645,16300,32670,2
11119,33186,54589,2
11562,60420,95245,2
11569,19045,35164,2
11094,18835,21822,2
11983,18810,42377,2
11605,21025,55515,2
11923,17462,18187,2
11500,46245,74884,2
12664,21289,42398,2
12504,21799,50810,2
12267,20605,48500,2
11697,19661,20968,2
11846,15177,21700,2
10765,15265,22573,2
10746,17065,17658,2
12207,21843,23032,2
13713,53030,95408,2
14191,24590,55222,2
14672,21407,35727,2
11924,18993,49800,2
11911,18150,18576,2
11916,18100,18658,2
13638,21105,26362,2
12229,21304,53917,2
12430,22455,38286,2
13055,50870,91096,2
13565,23101,24551,2
13486,41026,77091,2
13511,20718,22255,2
13891,22772,57922,2
13252,20301,42312,2
12772,19464,47557,2
12537,19593,29596,2
12201,19921,40798,2
11792,19175,44990,2
11965,17273,24238,2
11851,21289,42707,2
12601,21149,22214,2
12649,21681,26714,2
13242,23242,52927,2
13179,21851,53997,2
12562,17299,26278,2
11487,52976,85265,2
11644,57711,91516,2
12375,19481,27558,2
12080,18749,34054,2
12088,75834,113052,2
11433,17616,37276,2
10860,22476,48174,2
10755,16386,23586,2
11220,34446,62254,2
11069,18019,33492,2
11013,18227,28393,2
11511,18921,23161,2
11557,18229,19287,2
11296,39075,65732,2
10517,17359,39138,2
11519,20866,53420,2
12654,34534,64610,2
10636,57571,85175,2
10568,17815,26467,2
11074,33726,63875,2
12620,67840,97116,2
10780,16427,17167,2
11953,29370,52113,2
11003,17072,26071,2
10546,17463,25966,2
10811,17609,27723,2
10852,59332,89410,2
11187,31534,57008,2
12447,30764,46151,2
10315,22480,47016,2
10617,30332,62499,2
11216,46062,76948,2
11468,21039,21814,2
13502,87632,126888,2
12842,22060,55479,2
12045,17185,38585,2
10930,53226,83880,2
11178,18312,43417,2
10884,16739,27114,2
11122,65816,96942,2
10672,40617,69979,2
10395,15656,16047,2
10810,18215,38095,2
12168,36810,69044,2
10832,56430,83190,2
10393,16804,32676,2
10357,38620,65740,2
10048,15274,23371,2
9862,13813,28640,2
10181,20776,36108,2
10094,26990,55426,2
10014,15827,16026,2
10002,39875,63400,2
10072,15725,16038,2
10103,16396,24187,2
10708,37487,61528,2
10275,15210,20320,2
10947,34100,61644,2
10399,47772,73525,2
10327,16457,24658,2
10312,15851,31206,2
10283,15747,37392,2
9876,14017,35582,2
9618,13809,15116,2
9831,15592,16470,2
10272,15516,16409,2
10208,15579,16461,2
10137,16642,37225,2
10077,15739,37862,2
9649,13470,21583,2
9454,13097,14568,2
9529,16294,37895,2
9713,15562,16634,2
9965,39165,61736,2
9902,16036,16822,2
9886,45468,65821,2
9828,13696,14816,2
10020,50183,74085,2
10433,16174,28446,2
10352,15702,23209,2
10545,49136,79935,2
10747,16088,31144,2
10988,31742,52482,2
10295,14413,20506,2
9651,13472,21196,2
9763,30814,60756,2
10021,16140,23698,2
10689,16049,17330,2
10909,16073,33376,2
11237,15876,31318,2
10494,14308,20170,2
10212,14119,16442,2
10817,16345,17758,2
10560,23407,46164,2
10149,17170,38445,2
10069,15885,17317,2
10089,26814,54092,2
9768,14170,15348,2
10498,33090,52388,2
9844,15328,17363,2
10772,15611,23073,2
10724,61600,84859,2
11286,17414,29186,2
10690,15685,16640,2
9909,14682,15814,2
9650,14109,27336,2
10420,15870,18138,2
11226,40365,64484,2
11926,60280,83595,2
12306,17390,26019,2
12264,57477,85160,2
12396,18518,41307,2
12702,18684,38364,2
12055,17067,27190,2
11120,16700,24996,2
11103,16487,24337,2
10862,49276,67189,2
10856,15263,39447,2
10826,14548,16362,2
11138,15798,17634,2
11467,18140,35972,2
10838,15965,18365,2
11430,57372,79365,2
11661,40050,73359,2
11848,18507,40665,2
11895,15718,17623,2
11362,23517,56004,2
12689,18590,26800,2
13014,52335,79461,2
10919,17711,32590,2
10948,17232,19332,2
10638,16142,29700,2
11451,66036,90528,2
12013,33672,60496,2
10773,16113,23638,2
10397,16715,19373,2
11988,43877,70220,2
11992,19168,41067,2
12222,19830,39042,2
12736,17464,19184,2
12725,19716,38830,2
12673,18210,20489,2
13492,18138,19761,2
12263,26580,58992,2
10614,20005,45807,2
11486,17798,39380,2
11089,15431,16603,2
10330,14336,19771,2
10535,56262,80105,2
11334,16582,31982,2
11862,18003,43930,2
